model,task,sample_idx,metric,seq_len_tokens,seq_len_chars,token_entropy,gzip_ratio,unique_token_ratio,question_position,newline_density,score_c0,cr_c0,kv_bytes_c0,kv_bytes_fp16_c0,score_c1,cr_c1,kv_bytes_c1,kv_bytes_fp16_c1,score_c2,cr_c2,kv_bytes_c2,kv_bytes_fp16_c2,score_c3,cr_c3,kv_bytes_c3,kv_bytes_fp16_c3,score_c4,cr_c4,kv_bytes_c4,kv_bytes_fp16_c4,score_c5,cr_c5,kv_bytes_c5,kv_bytes_fp16_c5,best_quality_config,best_quality_score,best_iso_tau_0.99,best_iso_tau_0.95,best_iso_tau_0.90
phi3,2wikimqa,0,qa_f1,8168,28692,9.0838,0.4218,0.2416,0.9997,0.0066,0.0,1.0,804519936.0,804519936.0,0.0,10.6788,75337728.0,804519936.0,0.0,4.6302,173755231.7,804519936.0,0.0,3.2115,250509024.0,804519936.0,0.0,3.761,213909504.0,804519936.0,0.0,3.761,213909504.0,804519936.0,C0,0.0,C1,C1,C1
phi3,2wikimqa,1,qa_f1,17806,62672,9.2774,0.3981,0.1838,0.9999,0.0057,0.0,1.0,804519936.0,804519936.0,0.0,10.6234,75730944.0,804519936.0,0.0,4.6261,173908936.7,804519936.0,0.0,3.3482,240285408.0,804519936.0,0.0,3.9498,203685888.0,804519936.0,0.0,3.9498,203685888.0,804519936.0,C0,0.0,C1,C1,C1
phi3,2wikimqa,2,qa_f1,4605,17129,8.5506,0.4018,0.2836,0.9995,0.0109,0.0,1.0,804519936.0,804519936.0,0.0,10.7349,74944512.0,804519936.0,0.0,4.6284,173821882.2,804519936.0,0.0,3.3264,241858272.0,804519936.0,0.0,3.9651,202899456.0,804519936.0,0.0,3.9195,205258752.0,804519936.0,C0,0.0,C1,C1,C1
phi3,2wikimqa,3,qa_f1,8182,26490,8.3222,0.3843,0.1798,0.9997,0.008,0.363636,1.0,804519936.0,804519936.0,0.5,10.1997,78876672.0,804519936.0,0.5,4.6255,173931192.6,804519936.0,0.363636,3.3318,241465056.0,804519936.0,0.5,3.8897,206831616.0,804519936.0,0.5,3.9046,206045184.0,804519936.0,C1,0.5,C1,C1,C1
phi3,2wikimqa,4,qa_f1,7993,30077,9.0498,0.4025,0.246,0.9997,0.0051,0.0,1.0,804519936.0,804519936.0,0.0,10.5685,76124160.0,804519936.0,0.0,4.6333,173639512.4,804519936.0,0.0,3.3427,240678624.0,804519936.0,0.0,3.9422,204079104.0,804519936.0,0.0,3.9422,204079104.0,804519936.0,C0,0.0,C1,C1,C1
phi3,2wikimqa,5,qa_f1,16853,63474,9.3287,0.3858,0.1916,0.9999,0.0045,0.0,1.0,804519936.0,804519936.0,0.0,10.6234,75730944.0,804519936.0,0.0,4.6227,174036299.9,804519936.0,0.0,3.3427,240678624.0,804519936.0,0.0,3.9422,204079104.0,804519936.0,0.0,3.9422,204079104.0,804519936.0,C0,0.0,C1,C1,C1
phi3,2wikimqa,6,qa_f1,13035,48092,9.2182,0.403,0.2133,0.9998,0.0044,0.0,1.0,804519936.0,804519936.0,0.0,10.5142,76517376.0,804519936.0,0.0,4.6301,173757898.8,804519936.0,0.0,3.3592,239498976.0,804519936.0,0.0,3.9651,202899456.0,804519936.0,0.0,3.9651,202899456.0,804519936.0,C0,0.0,C1,C1,C1
phi3,2wikimqa,7,qa_f1,7219,26363,8.8367,0.3937,0.2352,0.9997,0.0077,0.0,1.0,804519936.0,804519936.0,0.0,10.5142,76517376.0,804519936.0,0.0,4.6302,173756042.8,804519936.0,0.0,3.3049,243431136.0,804519936.0,0.0,3.8531,208797696.0,804519936.0,0.0,3.8531,208797696.0,804519936.0,C0,0.0,C1,C1,C1
phi3,2wikimqa,8,qa_f1,6684,22599,8.8354,0.4226,0.2564,0.9996,0.0102,0.0,1.0,804519936.0,804519936.0,0.0,10.5142,76517376.0,804519936.0,0.0,4.6257,173925106.9,804519936.0,0.0,3.3373,241071840.0,804519936.0,0.0,3.9346,204472320.0,804519936.0,0.0,3.9346,204472320.0,804519936.0,C0,0.0,C1,C1,C1
phi3,2wikimqa,9,qa_f1,10137,36479,9.4949,0.4232,0.2575,0.9998,0.0089,0.0,1.0,804519936.0,804519936.0,0.0,10.5142,76517376.0,804519936.0,0.0,4.6351,173571663.9,804519936.0,0.0,3.3373,241071840.0,804519936.0,0.0,3.9346,204472320.0,804519936.0,0.0,3.9346,204472320.0,804519936.0,C0,0.0,C1,C1,C1
phi3,2wikimqa,10,qa_f1,7588,26415,9.3065,0.4482,0.2909,0.9997,0.0083,0.0,1.0,804519936.0,804519936.0,0.0,10.6788,75337728.0,804519936.0,0.0,4.6303,173750382.7,804519936.0,0.0,3.3592,239498976.0,804519936.0,0.0,3.9651,202899456.0,804519936.0,0.0,3.9651,202899456.0,804519936.0,C0,0.0,C1,C1,C1
phi3,2wikimqa,11,qa_f1,7733,24808,9.0608,0.3527,0.2211,0.9996,0.0123,1.0,1.0,804519936.0,804519936.0,1.0,10.6234,75730944.0,804519936.0,1.0,4.6313,173712589.4,804519936.0,1.0,3.3482,240285408.0,804519936.0,1.0,3.9498,203685888.0,804519936.0,1.0,3.9498,203685888.0,804519936.0,C0,1.0,C1,C1,C1
phi3,2wikimqa,12,qa_f1,4993,16191,8.7184,0.4612,0.3168,0.9994,0.0146,0.8,1.0,804519936.0,804519936.0,0.8,10.7349,74944512.0,804519936.0,1.0,4.6103,174506441.5,804519936.0,0.8,3.3592,239498976.0,804519936.0,0.8,3.9651,202899456.0,804519936.0,0.8,3.9651,202899456.0,804519936.0,C2,1.0,C1,C1,C1
phi3,2wikimqa,13,qa_f1,16231,59643,9.0801,0.3694,0.1724,0.9998,0.005,0.0,1.0,804519936.0,804519936.0,0.0,10.6788,75337728.0,804519936.0,0.0,4.6219,174065742.8,804519936.0,0.0,3.3537,239892192.0,804519936.0,0.0,3.9574,203292672.0,804519936.0,0.0,3.9574,203292672.0,804519936.0,C0,0.0,C1,C1,C1
phi3,2wikimqa,14,qa_f1,7091,22292,8.9722,0.4388,0.242,0.9996,0.0082,0.0,1.0,804519936.0,804519936.0,0.0,10.4605,76910592.0,804519936.0,0.0,4.6215,174083587.8,804519936.0,0.0,3.3049,243431136.0,804519936.0,0.0,3.8971,206438400.0,804519936.0,0.0,3.8897,206831616.0,804519936.0,C0,0.0,C1,C1,C1
phi3,2wikimqa,15,qa_f1,5860,20096,7.8153,0.3382,0.1797,0.9996,0.0043,0.0,1.0,804519936.0,804519936.0,0.0,10.6788,75337728.0,804519936.0,0.0,4.6236,174002183.2,804519936.0,0.0,3.3482,240285408.0,804519936.0,0.0,3.9498,203685888.0,804519936.0,0.0,3.9498,203685888.0,804519936.0,C0,0.0,C1,C1,C1
phi3,2wikimqa,16,qa_f1,16595,61863,9.2581,0.3833,0.189,0.9999,0.0047,0.0,1.0,804519936.0,804519936.0,0.0,10.6788,75337728.0,804519936.0,0.0,4.6301,173759871.1,804519936.0,0.0,3.3373,241071840.0,804519936.0,0.0,3.9651,202899456.0,804519936.0,0.0,3.761,213909504.0,804519936.0,C0,0.0,C1,C1,C1
phi3,2wikimqa,17,qa_f1,6314,22652,9.033,0.4276,0.2932,0.9996,0.0079,0.0,1.0,804519936.0,804519936.0,0.0,9.8558,81629184.0,804519936.0,0.0,4.629,173799143.3,804519936.0,0.0,3.3264,241858272.0,804519936.0,0.0,3.875,207618048.0,804519936.0,0.0,3.875,207618048.0,804519936.0,C0,0.0,C1,C1,C1
phi3,2wikimqa,18,qa_f1,7177,24101,8.9108,0.4376,0.2745,0.9996,0.0093,0.0,1.0,804519936.0,804519936.0,0.0,10.6234,75730944.0,804519936.0,0.0,4.6246,173965047.8,804519936.0,0.0,3.3482,240285408.0,804519936.0,0.0,3.9498,203685888.0,804519936.0,0.0,3.9498,203685888.0,804519936.0,C0,0.0,C1,C1,C1
phi3,2wikimqa,19,qa_f1,10746,36831,8.9311,0.4129,0.2138,0.9998,0.0094,0.0,1.0,804519936.0,804519936.0,0.0,10.5142,76517376.0,804519936.0,0.086957,4.6253,173938395.3,804519936.0,0.181818,3.2115,250509024.0,804519936.0,0.0,3.761,213909504.0,804519936.0,0.0,3.761,213909504.0,804519936.0,C3,0.181818,C1,C1,C1
phi3,gov_report,0,rouge_l,12431,53640,8.4609,0.283,0.1228,0.6293,0.0001,0.217877,1.0,804519936.0,804519936.0,0.193732,2.9287,274698240.0,804519936.0,0.205556,4.6028,174791109.7,804519936.0,0.277333,1.8316,439252704.0,804519936.0,0.227848,1.998,402653184.0,804519936.0,0.187919,1.998,402653184.0,804519936.0,C3,0.277333,C4,C4,C2
phi3,gov_report,1,rouge_l,22021,92252,9.0279,0.3043,0.1217,0.9202,0.0001,0.216524,1.0,804519936.0,804519936.0,0.212219,4.0871,196841472.0,804519936.0,0.184524,4.6094,174538087.2,804519936.0,0.181818,2.0855,385775328.0,804519936.0,0.229167,1.998,402653184.0,804519936.0,0.270096,1.998,402653184.0,804519936.0,C5,0.270096,C4,C1,C1
phi3,gov_report,2,rouge_l,9907,38930,7.9861,0.2741,0.1215,,0.0002,0.397129,1.0,804519936.0,804519936.0,0.222222,2.9287,274698240.0,804519936.0,0.234286,4.5985,174954503.6,804519936.0,0.372796,1.8316,439252704.0,804519936.0,0.280802,1.998,402653184.0,804519936.0,0.337143,1.998,402653184.0,804519936.0,C0,0.397129,C0,C0,C3
phi3,gov_report,3,rouge_l,3194,13938,8.3534,0.3637,0.2621,,0.0005,0.296029,1.0,804519936.0,804519936.0,0.214953,2.9287,274698240.0,804519936.0,0.288732,4.5993,174920705.5,804519936.0,0.286885,1.8498,434927328.0,804519936.0,0.293194,1.998,402653184.0,804519936.0,0.29703,1.998,402653184.0,804519936.0,C5,0.29703,C4,C2,C2
phi3,gov_report,4,rouge_l,16443,65941,8.8002,0.3124,0.1325,0.6288,0.0001,0.274747,1.0,804519936.0,804519936.0,0.157044,2.9287,274698240.0,804519936.0,0.260684,4.6012,174848709.9,804519936.0,0.284519,1.8316,439252704.0,804519936.0,0.19802,1.998,402653184.0,804519936.0,0.202899,1.998,402653184.0,804519936.0,C3,0.284519,C3,C3,C2
phi3,gov_report,5,rouge_l,10767,43358,8.5397,0.2968,0.1357,,0.0002,0.368,1.0,804519936.0,804519936.0,0.279503,2.9287,274698240.0,804519936.0,0.351955,4.6007,174868169.7,804519936.0,0.345745,1.8316,439252704.0,804519936.0,0.310127,1.998,402653184.0,804519936.0,0.276094,1.998,402653184.0,804519936.0,C0,0.368,C0,C2,C2
phi3,gov_report,6,rouge_l,9617,46529,8.6552,0.2849,0.1542,0.8959,0.0002,0.356828,1.0,804519936.0,804519936.0,0.161137,2.9287,274698240.0,804519936.0,0.315315,4.6048,174714254.9,804519936.0,0.334076,1.8316,439252704.0,804519936.0,0.171429,1.998,402653184.0,804519936.0,0.236504,1.998,402653184.0,804519936.0,C0,0.356828,C0,C0,C3
phi3,gov_report,7,rouge_l,7469,34367,8.4166,0.29,0.1612,,0.0002,0.264151,1.0,804519936.0,804519936.0,0.253638,2.9287,274698240.0,804519936.0,0.307692,4.609,174552948.2,804519936.0,0.295276,1.8316,439252704.0,804519936.0,0.211982,1.998,402653184.0,804519936.0,0.279379,1.998,402653184.0,804519936.0,C2,0.307692,C2,C2,C2
phi3,gov_report,8,rouge_l,3450,14349,7.895,0.3348,0.2087,,0.0005,0.365256,1.0,804519936.0,804519936.0,0.198547,2.9287,274698240.0,804519936.0,0.493392,4.5955,175067955.8,804519936.0,0.37149,1.8316,439252704.0,804519936.0,0.297767,1.998,402653184.0,804519936.0,0.262467,1.998,402653184.0,804519936.0,C2,0.493392,C2,C2,C2
phi3,gov_report,9,rouge_l,24607,102565,8.852,0.2931,0.1011,,0.0001,0.22084,1.0,804519936.0,804519936.0,0.197044,2.9287,274698240.0,804519936.0,0.20743,4.5942,175118054.4,804519936.0,0.182986,1.8316,439252704.0,804519936.0,0.163478,1.998,402653184.0,804519936.0,0.146953,1.998,402653184.0,804519936.0,C0,0.22084,C0,C0,C2
phi3,gov_report,10,rouge_l,7193,32826,8.6567,0.3445,0.2169,0.2857,0.0002,0.208589,1.0,804519936.0,804519936.0,0.202797,3.3075,243240960.0,804519936.0,0.203704,4.6099,174518453.6,804519936.0,0.210909,2.1951,366507744.0,804519936.0,0.184615,1.998,402653184.0,804519936.0,0.222222,1.998,402653184.0,804519936.0,C5,0.222222,C3,C2,C2
phi3,gov_report,11,rouge_l,4950,19201,8.1364,0.3423,0.1867,,0.0004,0.296137,1.0,804519936.0,804519936.0,0.234483,2.9287,274698240.0,804519936.0,0.276786,4.6035,174764489.6,804519936.0,0.37587,1.8316,439252704.0,804519936.0,0.251232,1.998,402653184.0,804519936.0,0.256659,1.998,402653184.0,804519936.0,C3,0.37587,C3,C3,C2
phi3,gov_report,12,rouge_l,7811,38155,8.8445,0.3184,0.2029,,0.0002,0.273171,1.0,804519936.0,804519936.0,0.174603,4.3477,185044992.0,804519936.0,0.291667,4.5933,175149633.8,804519936.0,0.2891,1.954,411727584.0,804519936.0,0.248062,1.998,402653184.0,804519936.0,0.185393,1.998,402653184.0,804519936.0,C2,0.291667,C2,C2,C2
phi3,gov_report,13,rouge_l,5634,24989,8.2752,0.3122,0.188,,0.0003,0.274038,1.0,804519936.0,804519936.0,0.16285,2.9287,274698240.0,804519936.0,0.285714,4.5984,174957050.8,804519936.0,0.321782,2.0336,395605728.0,804519936.0,0.177778,1.998,402653184.0,804519936.0,0.183844,1.998,402653184.0,804519936.0,C3,0.321782,C2,C2,C2
phi3,gov_report,14,rouge_l,6764,27046,8.7397,0.3681,0.2222,0.9979,0.0003,0.30303,1.0,804519936.0,804519936.0,0.162037,2.9287,274698240.0,804519936.0,0.235294,4.6072,174621463.5,804519936.0,0.253898,2.0057,401110752.0,804519936.0,0.187643,1.998,402653184.0,804519936.0,0.208738,1.998,402653184.0,804519936.0,C0,0.30303,C0,C0,C0
phi3,gov_report,15,rouge_l,6762,30185,8.8434,0.3677,0.249,0.993,0.0002,0.246479,1.0,804519936.0,804519936.0,0.199203,3.9226,205099008.0,804519936.0,0.23301,4.6095,174534930.5,804519936.0,0.184502,2.1904,367294176.0,804519936.0,0.19708,1.998,402653184.0,804519936.0,0.202429,1.998,402653184.0,804519936.0,C0,0.246479,C0,C0,C2
phi3,gov_report,16,rouge_l,4960,22425,8.5551,0.3415,0.2492,0.9084,0.0003,0.281915,1.0,804519936.0,804519936.0,0.28125,3.7777,212963328.0,804519936.0,0.290503,4.5993,174924050.2,804519936.0,0.285714,1.8316,439252704.0,804519936.0,0.295302,2.4891,323223552.0,804519936.0,0.267123,1.998,402653184.0,804519936.0,C4,0.295302,C2,C2,C2
phi3,gov_report,17,rouge_l,20700,95443,8.6994,0.2647,0.105,0.949,0.0001,0.317673,1.0,804519936.0,804519936.0,0.181818,2.9287,274698240.0,804519936.0,0.248175,4.6041,174740303.2,804519936.0,0.281481,1.8873,426276576.0,804519936.0,0.219718,1.998,402653184.0,804519936.0,0.186441,1.998,402653184.0,804519936.0,C0,0.317673,C0,C0,C0
phi3,gov_report,18,rouge_l,5441,22492,8.2413,0.3152,0.1823,,0.0003,0.407821,1.0,804519936.0,804519936.0,0.318937,2.9287,274698240.0,804519936.0,0.371069,4.606,174669459.2,804519936.0,0.405714,1.8316,439252704.0,804519936.0,0.297297,1.998,402653184.0,804519936.0,0.337748,1.998,402653184.0,804519936.0,C0,0.407821,C3,C3,C2
phi3,gov_report,19,rouge_l,3320,15225,8.3874,0.3663,0.2777,,0.0005,0.300781,1.0,804519936.0,804519936.0,0.175869,2.9287,274698240.0,804519936.0,0.262425,4.6071,174627459.2,804519936.0,0.325956,1.8961,424310496.0,804519936.0,0.186788,1.998,402653184.0,804519936.0,0.214452,1.998,402653184.0,804519936.0,C3,0.325956,C3,C3,C3
phi3,hotpotqa,0,qa_f1,13564,54414,9.3472,0.3765,0.2018,0.9998,0.0039,0.333333,1.0,804519936.0,804519936.0,0.333333,10.5685,76124160.0,804519936.0,0.333333,4.6368,173508173.0,804519936.0,0.333333,3.3427,240678624.0,804519936.0,0.333333,3.9422,204079104.0,804519936.0,0.333333,3.9422,204079104.0,804519936.0,C0,0.333333,C1,C1,C1
phi3,hotpotqa,1,qa_f1,18986,72455,9.295,0.3635,0.1748,0.9999,0.003,0.333333,1.0,804519936.0,804519936.0,0.333333,10.4072,77303808.0,804519936.0,0.333333,4.6266,173891149.3,804519936.0,0.333333,3.3264,241858272.0,804519936.0,0.333333,3.9195,205258752.0,804519936.0,0.333333,3.9195,205258752.0,804519936.0,C0,0.333333,C1,C1,C1
phi3,hotpotqa,2,qa_f1,13323,48472,9.3623,0.4002,0.2114,0.9998,0.0059,0.4,1.0,804519936.0,804519936.0,0.2,9.3598,85954560.0,804519936.0,0.2,4.6319,173691935.1,804519936.0,0.4,3.3482,240285408.0,804519936.0,0.2,3.761,213909504.0,804519936.0,0.4,3.9498,203685888.0,804519936.0,C0,0.4,C5,C5,C5
phi3,hotpotqa,3,qa_f1,19618,77553,9.5243,0.3832,0.1946,0.9999,0.0046,0.0,1.0,804519936.0,804519936.0,0.0,9.7617,82415616.0,804519936.0,0.0,4.6195,174155753.4,804519936.0,0.0,3.2576,246970080.0,804519936.0,0.0,3.8243,210370560.0,804519936.0,0.0,3.8243,210370560.0,804519936.0,C0,0.0,C1,C1,C1
phi3,hotpotqa,4,qa_f1,19955,80361,8.0245,0.2523,0.1286,0.9999,0.0402,0.666667,1.0,804519936.0,804519936.0,0.666667,10.6788,75337728.0,804519936.0,0.666667,4.6301,173757413.8,804519936.0,0.666667,3.3537,239892192.0,804519936.0,0.666667,3.9574,203292672.0,804519936.0,0.666667,3.9574,203292672.0,804519936.0,C0,0.666667,C1,C1,C1
phi3,hotpotqa,5,qa_f1,5724,19649,8.5988,0.4065,0.2416,0.9995,0.0062,0.666667,1.0,804519936.0,804519936.0,1.0,10.7349,74944512.0,804519936.0,0.666667,4.6337,173624658.5,804519936.0,0.666667,3.3592,239498976.0,804519936.0,0.333333,3.9651,202899456.0,804519936.0,1.0,3.9651,202899456.0,804519936.0,C1,1.0,C1,C1,C1
phi3,hotpotqa,6,qa_f1,19778,75436,9.3576,0.3785,0.1664,0.9999,0.004,0.0,1.0,804519936.0,804519936.0,0.0,10.8487,74158080.0,804519936.0,0.0,4.6309,173730131.0,804519936.0,0.0,3.3702,238712544.0,804519936.0,0.0,3.9805,202113024.0,804519936.0,0.0,3.9805,202113024.0,804519936.0,C0,0.0,C1,C1,C1
phi3,hotpotqa,7,qa_f1,16188,58965,9.4485,0.3994,0.2006,0.9998,0.005,0.0,1.0,804519936.0,804519936.0,0.0,10.6234,75730944.0,804519936.0,0.0,4.6376,173479510.6,804519936.0,0.0,3.3264,241858272.0,804519936.0,0.0,3.9498,203685888.0,804519936.0,0.0,3.9498,203685888.0,804519936.0,C0,0.0,C1,C1,C1
phi3,hotpotqa,8,qa_f1,11692,42966,9.4947,0.4149,0.2525,0.9998,0.0056,0.0,1.0,804519936.0,804519936.0,0.0,10.6234,75730944.0,804519936.0,0.0,4.6347,173587366.6,804519936.0,0.0,3.3482,240285408.0,804519936.0,0.0,3.9498,203685888.0,804519936.0,0.0,3.9498,203685888.0,804519936.0,C0,0.0,C1,C1,C1
phi3,hotpotqa,9,qa_f1,13815,47315,8.5928,0.3591,0.1527,0.9998,0.0066,0.4,1.0,804519936.0,804519936.0,0.4,10.6234,75730944.0,804519936.0,0.4,4.6217,174075186.1,804519936.0,0.4,3.3482,240285408.0,804519936.0,0.4,3.9498,203685888.0,804519936.0,0.4,3.9498,203685888.0,804519936.0,C0,0.4,C1,C1,C1
phi3,hotpotqa,10,qa_f1,18775,67481,9.1655,0.393,0.1847,0.9999,0.0047,0.0,1.0,804519936.0,804519936.0,0.0,10.7349,74944512.0,804519936.0,0.4,4.6402,173381657.0,804519936.0,0.4,3.3537,239892192.0,804519936.0,0.0,3.9651,202899456.0,804519936.0,0.0,3.9651,202899456.0,804519936.0,C2,0.4,C1,C1,C1
phi3,hotpotqa,11,qa_f1,19579,76568,9.3464,0.37,0.1813,0.9999,0.0039,0.25,1.0,804519936.0,804519936.0,0.25,10.6788,75337728.0,804519936.0,0.25,4.6227,174036317.2,804519936.0,0.25,3.3537,239892192.0,804519936.0,0.25,3.9574,203292672.0,804519936.0,0.25,3.9574,203292672.0,804519936.0,C0,0.25,C1,C1,C1
phi3,hotpotqa,12,qa_f1,4227,16166,8.9987,0.4285,0.3281,0.9994,0.0067,0.0,1.0,804519936.0,804519936.0,0.0,10.7349,74944512.0,804519936.0,0.0,4.6215,174081448.5,804519936.0,0.0,3.3427,240678624.0,804519936.0,0.0,3.9651,202899456.0,804519936.0,0.0,3.9651,202899456.0,804519936.0,C0,0.0,C1,C1,C1
phi3,hotpotqa,13,qa_f1,16031,61276,9.2292,0.3763,0.1871,0.9999,0.0043,0.266667,1.0,804519936.0,804519936.0,0.266667,9.8558,81629184.0,804519936.0,0.285714,4.6219,174067552.5,804519936.0,0.266667,3.268,246183648.0,804519936.0,0.266667,3.8386,209584128.0,804519936.0,0.0,3.8459,209190912.0,804519936.0,C2,0.285714,C1,C1,C1
phi3,hotpotqa,14,qa_f1,16242,48910,9.1788,0.4153,0.1963,0.9998,0.0082,0.0,1.0,804519936.0,804519936.0,0.0,10.5685,76124160.0,804519936.0,0.0,4.6254,173935540.9,804519936.0,0.0,3.3427,240678624.0,804519936.0,0.0,3.9422,204079104.0,804519936.0,0.0,3.9422,204079104.0,804519936.0,C0,0.0,C1,C1,C1
phi3,hotpotqa,15,qa_f1,17465,62696,9.2358,0.3783,0.1738,0.9999,0.0062,0.0,1.0,804519936.0,804519936.0,0.0,10.7915,74551296.0,804519936.0,0.0,4.6184,174199032.8,804519936.0,0.0,3.3647,239105760.0,804519936.0,0.0,3.9728,202506240.0,804519936.0,0.0,3.9728,202506240.0,804519936.0,C0,0.0,C1,C1,C1
phi3,hotpotqa,16,qa_f1,13054,44633,8.8228,0.3814,0.1789,0.9998,0.0071,0.0,1.0,804519936.0,804519936.0,0.0,10.3546,77697024.0,804519936.0,0.0,4.6272,173865719.2,804519936.0,0.0,3.321,242251488.0,804519936.0,0.0,3.912,205651968.0,804519936.0,0.0,3.9574,203292672.0,804519936.0,C0,0.0,C1,C1,C1
phi3,hotpotqa,17,qa_f1,18658,72591,9.6424,0.3882,0.2057,0.9999,0.0034,0.0,1.0,804519936.0,804519936.0,0.0,10.0494,80056320.0,804519936.0,0.0,4.6282,173831577.0,804519936.0,0.0,3.3373,241071840.0,804519936.0,0.0,3.8971,206438400.0,804519936.0,0.0,3.8971,206438400.0,804519936.0,C0,0.0,C1,C1,C1
phi3,hotpotqa,18,qa_f1,18915,69660,9.1353,0.3726,0.1578,0.9999,0.0033,0.5,1.0,804519936.0,804519936.0,0.0,10.8487,74158080.0,804519936.0,0.5,4.6344,173596686.5,804519936.0,0.5,3.3537,239892192.0,804519936.0,0.5,3.9574,203292672.0,804519936.0,0.5,3.9574,203292672.0,804519936.0,C0,0.5,C2,C2,C2
phi3,hotpotqa,19,qa_f1,17313,69032,9.3504,0.3848,0.1983,0.9999,0.004,0.666667,1.0,804519936.0,804519936.0,0.666667,10.7349,74944512.0,804519936.0,0.666667,4.6244,173972983.7,804519936.0,0.666667,3.3592,239498976.0,804519936.0,0.666667,3.9651,202899456.0,804519936.0,0.666667,3.9651,202899456.0,804519936.0,C0,0.666667,C1,C1,C1
phi3,multi_news,0,rouge_l,3200,12628,8.3113,0.3998,0.3081,0.8747,0.001,0.204918,1.0,804519936.0,804519936.0,0.187755,2.9287,274698240.0,804519936.0,0.244604,4.6099,174518634.4,804519936.0,0.186047,1.8316,439252704.0,804519936.0,0.132231,1.998,402653184.0,804519936.0,0.169811,1.998,402653184.0,804519936.0,C2,0.244604,C2,C2,C2
phi3,multi_news,1,rouge_l,3522,13328,8.1746,0.3761,0.2641,0.69,0.0011,0.244514,1.0,804519936.0,804519936.0,0.199313,2.9287,274698240.0,804519936.0,0.218978,4.6169,174255680.4,804519936.0,0.286765,2.2631,355497696.0,804519936.0,0.200772,2.5575,314572800.0,804519936.0,0.211679,1.998,402653184.0,804519936.0,C3,0.286765,C3,C3,C3
phi3,multi_news,2,rouge_l,1013,3710,7.6225,0.4417,0.388,,0.003,0.388235,1.0,586285056.0,586285056.0,0.27907,2.1873,274698240.0,600834048.0,0.40118,4.5908,129591672.6,594935808.0,0.3769,1.9445,297870464.0,579207168.0,0.291391,1.5538,357826560.0,556007424.0,0.287625,1.584,339345408.0,537526272.0,C2,0.40118,C2,C2,C2
phi3,multi_news,3,rouge_l,4918,18731,7.4752,0.3172,0.2025,0.9764,0.0006,0.15534,1.0,804519936.0,804519936.0,0.175732,2.9287,274698240.0,804519936.0,0.188925,4.6118,174449993.0,804519936.0,0.191419,1.8316,439252704.0,804519936.0,0.220408,1.998,402653184.0,804519936.0,0.197309,1.998,402653184.0,804519936.0,C4,0.220408,C2,C2,C2
phi3,multi_news,4,rouge_l,3593,13401,8.5164,0.428,0.3103,0.6453,0.001,0.193029,1.0,804519936.0,804519936.0,0.171598,3.6693,219254784.0,804519936.0,0.181319,4.6216,174077125.3,804519936.0,0.193732,2.0418,394032864.0,804519936.0,0.21118,1.998,402653184.0,804519936.0,0.170347,1.998,402653184.0,804519936.0,C4,0.21118,C3,C3,C2
phi3,multi_news,5,rouge_l,4637,18395,8.6592,0.4005,0.2838,0.8686,0.0009,0.181818,1.0,804519936.0,804519936.0,0.180758,3.9377,204312576.0,804519936.0,0.182353,4.6143,174352575.7,804519936.0,0.19337,2.1178,379877088.0,804519936.0,0.188235,1.998,402653184.0,804519936.0,0.180124,1.998,402653184.0,804519936.0,C3,0.19337,C2,C2,C2
phi3,multi_news,6,rouge_l,1502,5610,8.0866,0.4419,0.3755,0.7381,0.002,0.209366,1.0,784072704.0,784072704.0,0.146479,2.9898,260542464.0,778960896.0,0.186047,4.62,155413577.1,718012416.0,0.222222,2.1318,368174016.0,784859136.0,0.179272,1.9697,402653184.0,793116672.0,0.135484,2.1493,339738624.0,730202112.0,C3,0.222222,C3,C3,C3
phi3,multi_news,7,rouge_l,4511,18745,8.5106,0.3706,0.2687,0.8836,0.0006,0.224066,1.0,804519936.0,804519936.0,0.206897,2.9287,274698240.0,804519936.0,0.228814,4.6109,174482630.5,804519936.0,0.225352,2.5995,309491424.0,804519936.0,0.225225,1.998,402653184.0,804519936.0,0.200873,1.998,402653184.0,804519936.0,C2,0.228814,C2,C2,C2
phi3,multi_news,8,rouge_l,2676,10063,7.8708,0.3696,0.253,,0.0013,0.347059,1.0,804519936.0,804519936.0,0.221374,2.9287,274698240.0,804519936.0,0.338658,4.6025,174801795.6,804519936.0,0.305085,2.0791,386954976.0,804519936.0,0.283401,1.998,402653184.0,804519936.0,0.271605,1.998,402653184.0,804519936.0,C0,0.347059,C0,C2,C2
phi3,multi_news,9,rouge_l,1366,5082,8.0878,0.4583,0.4151,0.9603,0.0022,0.276056,1.0,686161920.0,686161920.0,0.174699,2.6926,274698240.0,739639296.0,0.239264,4.6216,150086505.4,693633024.0,0.277174,2.1297,335475456.0,714473472.0,0.216802,1.8369,402653184.0,739639296.0,0.237838,1.8418,400293888.0,737280000.0,C3,0.277174,C3,C3,C3
phi3,multi_news,10,rouge_l,8916,34688,8.9032,0.3478,0.2075,,0.0004,0.259587,1.0,804519936.0,804519936.0,0.222222,2.9287,274698240.0,804519936.0,0.305085,4.6161,174286399.5,804519936.0,0.295455,1.9192,419198688.0,804519936.0,0.319728,1.998,402653184.0,804519936.0,0.287625,1.998,402653184.0,804519936.0,C4,0.319728,C2,C2,C2
phi3,multi_news,11,rouge_l,2310,8923,7.8661,0.3751,0.281,,0.0012,0.346863,1.0,804519936.0,804519936.0,0.311111,4.2134,190943232.0,804519936.0,0.343284,4.6138,174371091.7,804519936.0,0.343284,2.1069,381843168.0,804519936.0,0.393305,1.998,402653184.0,804519936.0,0.327273,1.998,402653184.0,804519936.0,C4,0.393305,C4,C2,C2
phi3,multi_news,12,rouge_l,3239,13280,8.0551,0.3243,0.2368,,0.001,0.24812,1.0,804519936.0,804519936.0,0.213115,2.9287,274698240.0,804519936.0,0.304687,4.6174,174234709.0,804519936.0,0.274648,1.9246,418019040.0,804519936.0,0.297674,1.998,402653184.0,804519936.0,0.25,1.998,402653184.0,804519936.0,C2,0.304687,C2,C2,C2
phi3,multi_news,13,rouge_l,3557,14203,8.0919,0.3576,0.2452,,0.0009,0.277056,1.0,804519936.0,804519936.0,0.17757,2.9287,274698240.0,804519936.0,0.23569,4.6024,174802696.1,804519936.0,0.278317,1.8684,430601952.0,804519936.0,0.236842,1.998,402653184.0,804519936.0,0.225225,1.998,402653184.0,804519936.0,C3,0.278317,C3,C3,C3
phi3,multi_news,14,rouge_l,1060,3980,7.6884,0.4372,0.4019,,0.0028,0.263323,1.0,569376768.0,569376768.0,0.186441,2.2545,274698240.0,619315200.0,0.210843,4.5941,130270777.4,598474752.0,0.233533,2.0052,292574368.0,586678272.0,0.199313,1.6326,342491136.0,559153152.0,0.217009,1.5381,402653184.0,619315200.0,C0,0.263323,C0,C0,C0
phi3,multi_news,15,rouge_l,3279,12552,8.1923,0.3785,0.2736,,0.0009,0.265861,1.0,804519936.0,804519936.0,0.183051,2.9287,274698240.0,804519936.0,0.277108,4.6064,174652162.6,804519936.0,0.221557,1.9282,417232608.0,804519936.0,0.207692,1.998,402653184.0,804519936.0,0.195312,1.998,402653184.0,804519936.0,C2,0.277108,C2,C2,C2
phi3,multi_news,16,rouge_l,2424,8902,7.9847,0.4151,0.2921,0.3315,0.0012,0.21164,1.0,804519936.0,804519936.0,0.139073,2.9287,274698240.0,804519936.0,0.225722,4.6142,174358936.7,804519936.0,0.229947,1.8316,439252704.0,804519936.0,0.212329,1.998,402653184.0,804519936.0,0.184211,1.998,402653184.0,804519936.0,C3,0.229947,C2,C2,C2
phi3,multi_news,17,rouge_l,1846,7308,8.2636,0.4353,0.3857,,0.0015,0.2263,1.0,804519936.0,804519936.0,0.20155,3.3729,238522368.0,804519936.0,0.231293,4.6182,174207515.1,804519936.0,0.242236,2.0432,393749856.0,804519936.0,0.222222,1.998,402653184.0,804519936.0,0.196491,1.998,402653184.0,804519936.0,C3,0.242236,C2,C2,C2
phi3,multi_news,18,rouge_l,5268,22086,8.546,0.3711,0.2532,0.9707,0.0005,0.214511,1.0,804519936.0,804519936.0,0.14841,2.9287,274698240.0,804519936.0,0.259036,4.6052,174696310.0,804519936.0,0.2,2.1558,373192416.0,804519936.0,0.197279,1.998,402653184.0,804519936.0,0.210145,1.998,402653184.0,804519936.0,C2,0.259036,C2,C2,C2
phi3,multi_news,19,rouge_l,1778,6950,7.6331,0.3736,0.2773,0.2747,0.0019,0.409722,1.0,804519936.0,804519936.0,0.107383,3.1448,255823872.0,804519936.0,0.363636,4.6176,174229531.0,804519936.0,0.417508,2.2244,361671936.0,804519936.0,0.231076,1.998,402653184.0,804519936.0,0.324528,2.5704,312999936.0,804519936.0,C3,0.417508,C3,C3,C3
phi3,multifieldqa_en,0,qa_f1,1878,5225,7.1765,0.454,0.2694,0.9983,0.0188,1.0,1.0,741998592.0,741998592.0,1.0,9.7524,76124160.0,742391808.0,0.75,4.6319,160109923.4,741605376.0,0.75,3.3584,220818688.0,741605376.0,0.75,3.648,203292672.0,741605376.0,0.75,3.648,203292672.0,741605376.0,C0,1.0,C1,C1,C1
phi3,multifieldqa_en,1,qa_f1,3571,14071,8.3318,0.3913,0.2817,0.9994,0.0068,1.0,1.0,804519936.0,804519936.0,1.0,10.7349,74944512.0,804519936.0,1.0,4.6408,173359853.1,804519936.0,1.0,3.3592,239498976.0,804519936.0,1.0,3.9651,202899456.0,804519936.0,1.0,3.9651,202899456.0,804519936.0,C0,1.0,C1,C1,C1
phi3,multifieldqa_en,2,qa_f1,11105,45349,9.0407,0.2622,0.1568,0.9998,0.0015,0.142857,1.0,804519936.0,804519936.0,0.2,10.1491,79269888.0,804519936.0,0.133333,4.6187,174187536.3,804519936.0,0.142857,3.2628,246576864.0,804519936.0,0.133333,3.8459,209190912.0,804519936.0,0.142857,3.8315,209977344.0,804519936.0,C1,0.2,C1,C1,C1
phi3,multifieldqa_en,3,qa_f1,8203,31608,8.2448,0.3094,0.1485,0.9997,0.003,0.285714,1.0,804519936.0,804519936.0,0.285714,10.6788,75337728.0,804519936.0,0.285714,4.6418,173318884.8,804519936.0,0.571429,3.3482,240285408.0,804519936.0,0.571429,3.9498,203685888.0,804519936.0,0.571429,3.9498,203685888.0,804519936.0,C3,0.571429,C1,C1,C1
phi3,multifieldqa_en,4,qa_f1,9042,33949,9.1804,0.3893,0.2213,0.9997,0.0111,0.285714,1.0,804519936.0,804519936.0,0.4,10.6234,75730944.0,804519936.0,0.285714,4.6313,173713503.1,804519936.0,0.285714,3.3318,241465056.0,804519936.0,0.285714,3.9271,204865536.0,804519936.0,0.285714,3.9271,204865536.0,804519936.0,C1,0.4,C1,C1,C1
phi3,multifieldqa_en,5,qa_f1,7601,19528,7.8461,0.3644,0.1349,0.9995,0.0277,0.461538,1.0,804519936.0,804519936.0,0.62069,9.8085,82022400.0,804519936.0,0.384615,4.617,174250992.9,804519936.0,0.181818,3.2996,243824352.0,804519936.0,0.461538,3.8677,208011264.0,804519936.0,0.461538,3.8677,208011264.0,804519936.0,C1,0.62069,C1,C1,C1
phi3,multifieldqa_en,6,qa_f1,6807,20826,8.119,0.3338,0.1478,0.9996,0.0181,0.216216,1.0,804519936.0,804519936.0,0.4,9.9035,81235968.0,804519936.0,0.636364,4.6262,173904887.8,804519936.0,0.216216,3.1522,255227616.0,804519936.0,0.333333,3.8101,211156992.0,804519936.0,0.333333,3.8101,211156992.0,804519936.0,C2,0.636364,C1,C1,C1
phi3,multifieldqa_en,7,qa_f1,5714,6000,7.0608,0.3659,0.0791,,0.0018,0.0,1.0,804519936.0,804519936.0,0.0,10.6788,75337728.0,804519936.0,0.0,4.6034,174767254.0,804519936.0,0.0,3.3537,239892192.0,804519936.0,0.0,3.9574,203292672.0,804519936.0,0.0,3.9574,203292672.0,804519936.0,C0,0.0,C1,C1,C1
phi3,multifieldqa_en,8,qa_f1,5428,21852,8.6892,0.3954,0.2732,0.9996,0.0053,0.8,1.0,804519936.0,804519936.0,0.8,10.4072,77303808.0,804519936.0,0.8,4.6309,173730260.6,804519936.0,0.8,3.3264,241858272.0,804519936.0,0.8,3.9195,205258752.0,804519936.0,0.8,3.9195,205258752.0,804519936.0,C0,0.8,C1,C1,C1
phi3,multifieldqa_en,9,qa_f1,3546,15563,8.2025,0.3579,0.2456,0.9994,0.0068,0.285714,1.0,804519936.0,804519936.0,0.285714,10.6788,75337728.0,804519936.0,0.285714,4.6297,173772932.1,804519936.0,0.285714,3.3537,239892192.0,804519936.0,0.307692,3.9651,202899456.0,804519936.0,0.307692,3.9651,202899456.0,804519936.0,C4,0.307692,C1,C1,C1
phi3,multifieldqa_en,10,qa_f1,2316,8995,8.2001,0.4297,0.3338,0.999,0.0073,0.241379,1.0,804519936.0,804519936.0,0.258065,9.624,83595264.0,804519936.0,0.714286,4.6459,173166491.9,804519936.0,0.241379,3.0579,263091936.0,804519936.0,0.740741,3.875,207618048.0,804519936.0,0.740741,3.875,207618048.0,804519936.0,C4,0.740741,C1,C1,C1
phi3,multifieldqa_en,11,qa_f1,6927,31240,8.6076,0.3354,0.1946,0.9997,0.0046,0.454545,1.0,804519936.0,804519936.0,0.5,9.9035,81235968.0,804519936.0,0.454545,4.6297,173771968.9,804519936.0,0.454545,3.2576,246970080.0,804519936.0,0.454545,3.8243,210370560.0,804519936.0,0.454545,3.8243,210370560.0,804519936.0,C1,0.5,C1,C1,C1
phi3,multifieldqa_en,12,qa_f1,6075,21982,8.5643,0.3497,0.2058,0.9996,0.0022,0.206897,1.0,804519936.0,804519936.0,0.410256,9.0694,88707072.0,804519936.0,0.210526,4.628,173835641.3,804519936.0,0.216216,3.2015,251295456.0,804519936.0,0.25641,3.7404,215089152.0,804519936.0,0.324324,3.761,213909504.0,804519936.0,C1,0.410256,C1,C1,C1
phi3,multifieldqa_en,13,qa_f1,17787,56541,7.9245,0.2042,0.0711,0.9998,0.0092,0.0,1.0,804519936.0,804519936.0,0.0,8.1646,98537472.0,804519936.0,0.0,4.6146,174343946.0,804519936.0,0.0,3.3592,239498976.0,804519936.0,0.0,3.9651,202899456.0,804519936.0,0.0,3.9651,202899456.0,804519936.0,C0,0.0,C1,C1,C1
phi3,multifieldqa_en,14,qa_f1,5690,14403,7.6309,0.4404,0.1858,0.9994,0.0044,0.0,1.0,804519936.0,804519936.0,0.0,10.1997,78876672.0,804519936.0,0.0,4.6219,174065084.6,804519936.0,0.0,3.2421,248149728.0,804519936.0,0.0,3.8971,206438400.0,804519936.0,0.0,3.8971,206438400.0,804519936.0,C0,0.0,C1,C1,C1
phi3,multifieldqa_en,15,qa_f1,11019,42138,9.0855,0.3951,0.1968,0.9998,0.0058,0.571429,1.0,804519936.0,804519936.0,0.5,9.2331,87134208.0,804519936.0,0.571429,4.6307,173736954.5,804519936.0,0.571429,3.2421,248149728.0,804519936.0,0.551724,3.7819,212729856.0,804519936.0,0.410256,3.6799,218628096.0,804519936.0,C0,0.571429,C2,C2,C2
phi3,multifieldqa_en,16,qa_f1,9145,33274,9.0349,0.4012,0.221,0.9997,0.005,0.0,1.0,804519936.0,804519936.0,0.0,10.4605,76910592.0,804519936.0,0.333333,4.6337,173622191.4,804519936.0,0.0,3.3482,240285408.0,804519936.0,0.0,3.9498,203685888.0,804519936.0,0.0,3.9498,203685888.0,804519936.0,C2,0.333333,C1,C1,C1
phi3,multifieldqa_en,17,qa_f1,3936,13757,7.5537,0.2999,0.1646,0.9993,0.0118,0.0,1.0,804519936.0,804519936.0,0.181818,8.6113,93425664.0,804519936.0,0.0,4.6117,174453669.2,804519936.0,0.0,3.0579,263091936.0,804519936.0,0.190476,3.6341,221380608.0,804519936.0,0.210526,3.6341,221380608.0,804519936.0,C5,0.210526,C1,C1,C1
phi3,multifieldqa_en,18,qa_f1,5787,22974,8.3382,0.3478,0.1871,0.9996,0.0047,0.204082,1.0,804519936.0,804519936.0,0.25,8.7215,92246016.0,804519936.0,0.2,4.6403,173375798.2,804519936.0,0.208333,3.0579,263091936.0,804519936.0,0.196078,3.5521,226492416.0,804519936.0,0.277778,3.6799,218628096.0,804519936.0,C5,0.277778,C1,C1,C1
phi3,multifieldqa_en,19,qa_f1,12334,44441,8.4331,0.3246,0.1252,0.9998,0.0038,0.411765,1.0,804519936.0,804519936.0,0.368421,8.9897,89493504.0,804519936.0,0.4,4.6138,174373540.4,804519936.0,0.4,3.1717,253654752.0,804519936.0,0.27451,3.5521,226492416.0,804519936.0,0.4375,3.7473,214695936.0,804519936.0,C5,0.4375,C5,C2,C2
phi3,narrativeqa,0,qa_f1,35533,127703,9.1441,0.3891,0.1224,0.9999,0.0184,0.105263,1.0,804519936.0,804519936.0,0.105263,9.8085,82022400.0,804519936.0,0.117647,4.6426,173290579.3,804519936.0,0.105263,3.2524,247363296.0,804519936.0,0.111111,3.8531,208797696.0,804519936.0,0.105263,3.8172,210763776.0,804519936.0,C2,0.117647,C1,C1,C1
phi3,narrativeqa,1,qa_f1,41636,157714,9.3542,0.3887,0.1185,0.9999,0.0198,0.153846,1.0,804519936.0,804519936.0,0.166667,10.3024,78090240.0,804519936.0,0.133333,4.6416,173328538.2,804519936.0,0.133333,3.2943,244217568.0,804519936.0,0.1,3.803,211550208.0,804519936.0,0.086957,3.7819,212729856.0,804519936.0,C1,0.166667,C1,C1,C1
phi3,narrativeqa,2,qa_f1,15179,56169,8.967,0.4016,0.1836,0.9998,0.0192,0.0,1.0,804519936.0,804519936.0,0.0,10.5685,76124160.0,804519936.0,0.0,4.6408,173359445.7,804519936.0,0.0,3.3427,240678624.0,804519936.0,0.0,3.9422,204079104.0,804519936.0,0.0,3.9422,204079104.0,804519936.0,C0,0.0,C1,C1,C1
phi3,narrativeqa,3,qa_f1,18620,62691,9.0208,0.424,0.1744,0.9998,0.0201,0.210526,1.0,804519936.0,804519936.0,0.222222,9.0694,88707072.0,804519936.0,0.166667,4.6352,173567070.3,804519936.0,0.210526,3.2524,247363296.0,804519936.0,0.148148,3.7132,216662016.0,804519936.0,0.148148,3.7132,216662016.0,804519936.0,C1,0.222222,C1,C1,C1
phi3,narrativeqa,4,qa_f1,64933,153856,7.6585,0.3571,0.0715,0.9999,0.0376,0.0,1.0,804519936.0,804519936.0,0.0,10.7349,74944512.0,804519936.0,0.0,4.6147,174338794.2,804519936.0,0.0,3.3592,239498976.0,804519936.0,0.0,3.9651,202899456.0,804519936.0,0.0,3.9574,203292672.0,804519936.0,C0,0.0,C1,C1,C1
phi3,narrativeqa,5,qa_f1,41882,150571,9.0279,0.3741,0.0873,0.9999,0.0201,0.125,1.0,804519936.0,804519936.0,0.133333,10.1491,79269888.0,804519936.0,0.133333,4.6426,173291137.1,804519936.0,0.125,3.3049,243431136.0,804519936.0,0.133333,3.912,205651968.0,804519936.0,0.125,3.8824,207224832.0,804519936.0,C1,0.133333,C1,C1,C1
phi3,narrativeqa,6,qa_f1,9840,34101,8.8763,0.4275,0.2163,0.9997,0.0259,0.0,1.0,804519936.0,804519936.0,0.0,10.6788,75337728.0,804519936.0,0.0,4.6375,173480836.5,804519936.0,0.0,3.3537,239892192.0,804519936.0,0.0,3.9574,203292672.0,804519936.0,0.0,3.9574,203292672.0,804519936.0,C0,0.0,C1,C1,C1
phi3,narrativeqa,7,qa_f1,13127,47169,9.1604,0.4168,0.2145,0.9998,0.0211,0.0,1.0,804519936.0,804519936.0,0.0,10.6234,75730944.0,804519936.0,0.0,4.6437,173248095.3,804519936.0,0.0,3.3482,240285408.0,804519936.0,0.0,3.9498,203685888.0,804519936.0,0.0,3.9498,203685888.0,804519936.0,C0,0.0,C1,C1,C1
phi3,narrativeqa,8,qa_f1,41619,157653,9.3545,0.3887,0.1186,0.9999,0.0198,0.5,1.0,804519936.0,804519936.0,0.5,10.6788,75337728.0,804519936.0,0.5,4.6417,173324748.6,804519936.0,0.5,3.3537,239892192.0,804519936.0,0.5,3.9574,203292672.0,804519936.0,0.5,3.9574,203292672.0,804519936.0,C0,0.5,C1,C1,C1
phi3,narrativeqa,9,qa_f1,41626,157679,9.3544,0.3887,0.1186,0.9999,0.0198,0.0,1.0,804519936.0,804519936.0,0.0,10.7349,74944512.0,804519936.0,0.0,4.6416,173329820.5,804519936.0,0.0,3.3592,239498976.0,804519936.0,0.0,3.9651,202899456.0,804519936.0,0.0,3.9651,202899456.0,804519936.0,C0,0.0,C1,C1,C1
phi3,narrativeqa,10,qa_f1,44674,133473,8.4876,0.3687,0.0848,0.9999,0.0283,1.0,1.0,804519936.0,804519936.0,0.0,10.7915,74551296.0,804519936.0,0.666667,4.6346,173590015.6,804519936.0,1.0,3.3318,241465056.0,804519936.0,0.666667,3.9651,202899456.0,804519936.0,1.0,3.9271,204865536.0,804519936.0,C0,1.0,C5,C5,C5
phi3,narrativeqa,11,qa_f1,35531,127699,9.144,0.3891,0.1224,0.9999,0.0184,0.0,1.0,804519936.0,804519936.0,0.0,10.8487,74158080.0,804519936.0,0.0,4.6416,173329005.6,804519936.0,0.0,3.3702,238712544.0,804519936.0,0.0,3.9805,202113024.0,804519936.0,0.0,3.9805,202113024.0,804519936.0,C0,0.0,C1,C1,C1
phi3,narrativeqa,12,qa_f1,13132,47216,9.1629,0.417,0.2147,0.9998,0.0211,0.0,1.0,804519936.0,804519936.0,0.0,10.5685,76124160.0,804519936.0,0.0,4.6435,173255779.7,804519936.0,0.0,3.3318,241465056.0,804519936.0,0.0,3.9498,203685888.0,804519936.0,0.0,3.9271,204865536.0,804519936.0,C0,0.0,C1,C1,C1
phi3,narrativeqa,13,qa_f1,41884,150560,9.0274,0.3741,0.0873,0.9999,0.0201,0.222222,1.0,804519936.0,804519936.0,0.222222,10.5685,76124160.0,804519936.0,0.4,4.6432,173267991.6,804519936.0,0.222222,3.3482,240285408.0,804519936.0,0.222222,3.9498,203685888.0,804519936.0,0.222222,3.9498,203685888.0,804519936.0,C2,0.4,C1,C1,C1
phi3,narrativeqa,14,qa_f1,35545,127757,9.1438,0.3891,0.1223,0.9999,0.0183,0.0,1.0,804519936.0,804519936.0,0.0,10.0494,80056320.0,804519936.0,0.0,4.6479,173093159.0,804519936.0,0.0,3.289,244610784.0,804519936.0,0.0,3.8677,208011264.0,804519936.0,0.0,3.8677,208011264.0,804519936.0,C0,0.0,C1,C1,C1
phi3,narrativeqa,15,qa_f1,41884,150579,9.0278,0.374,0.0873,0.9999,0.0201,0.133333,1.0,804519936.0,804519936.0,0.190476,10.1491,79269888.0,804519936.0,0.117647,4.6427,173286670.8,804519936.0,0.133333,3.321,242251488.0,804519936.0,0.133333,3.912,205651968.0,804519936.0,0.133333,3.912,205651968.0,804519936.0,C1,0.190476,C1,C1,C1
phi3,narrativeqa,16,qa_f1,13127,47179,9.1615,0.4169,0.2147,0.9998,0.0211,0.0,1.0,804519936.0,804519936.0,0.0,10.6788,75337728.0,804519936.0,0.0,4.6437,173251409.7,804519936.0,0.0,3.3537,239892192.0,804519936.0,0.0,3.9574,203292672.0,804519936.0,0.0,3.9574,203292672.0,804519936.0,C0,0.0,C1,C1,C1
phi3,narrativeqa,17,qa_f1,9844,34126,8.8759,0.4273,0.2161,0.9997,0.0259,0.0,1.0,804519936.0,804519936.0,0.5,10.6234,75730944.0,804519936.0,0.0,4.6373,173489337.4,804519936.0,0.0,3.2628,246576864.0,804519936.0,0.0,3.9271,204865536.0,804519936.0,0.0,3.9346,204472320.0,804519936.0,C1,0.5,C1,C1,C1
phi3,narrativeqa,18,qa_f1,35450,134613,9.2399,0.3944,0.124,0.9999,0.019,0.105263,1.0,804519936.0,804519936.0,0.266667,10.3024,78090240.0,804519936.0,0.266667,4.6344,173597728.1,804519936.0,0.105263,3.2943,244217568.0,804519936.0,0.266667,3.912,205651968.0,804519936.0,0.266667,3.912,205651968.0,804519936.0,C1,0.266667,C1,C1,C1
phi3,narrativeqa,19,qa_f1,20925,76470,8.9716,0.3937,0.1544,0.9999,0.0167,0.0,1.0,804519936.0,804519936.0,0.5,10.7349,74944512.0,804519936.0,0.0,4.6364,173523167.3,804519936.0,0.0,3.3427,240678624.0,804519936.0,0.0,3.9422,204079104.0,804519936.0,0.0,3.9422,204079104.0,804519936.0,C1,0.5,C1,C1,C1
phi3,passage_count,0,count,18175,66383,8.7846,0.0991,0.0646,0.0041,0.0013,0.0,1.0,804519936.0,804519936.0,0.0,10.7915,74551296.0,804519936.0,0.0,4.62,174136707.4,804519936.0,0.0,3.2115,250509024.0,804519936.0,0.0,3.761,213909504.0,804519936.0,0.0,3.761,213909504.0,804519936.0,C0,0.0,C1,C1,C1
phi3,passage_count,1,count,24901,96790,8.6585,0.0536,0.036,0.0028,0.001,0.0,1.0,804519936.0,804519936.0,0.0,9.3598,85954560.0,804519936.0,0.0,4.625,173950467.4,804519936.0,0.0,3.2115,250509024.0,804519936.0,0.0,3.761,213909504.0,804519936.0,0.0,3.761,213909504.0,804519936.0,C0,0.0,C1,C1,C1
phi3,passage_count,2,count,21380,82313,9.3204,0.2315,0.1105,0.0033,0.0012,0.0,1.0,804519936.0,804519936.0,0.0,10.7915,74551296.0,804519936.0,0.0,4.6177,174227123.5,804519936.0,0.0,3.2115,250509024.0,804519936.0,0.0,3.761,213909504.0,804519936.0,0.0,3.761,213909504.0,804519936.0,C0,0.0,C1,C1,C1
phi3,passage_count,3,count,19895,81159,9.723,0.3446,0.1812,0.8755,0.0009,0.0,1.0,804519936.0,804519936.0,0.0,9.9517,80842752.0,804519936.0,0.0,4.6165,174270712.1,804519936.0,0.0,3.2576,246970080.0,804519936.0,0.0,3.8243,210370560.0,804519936.0,0.0,3.8531,208797696.0,804519936.0,C0,0.0,C1,C1,C1
phi3,passage_count,4,count,24145,96082,9.607,0.2716,0.1446,0.0028,0.0011,0.0,1.0,804519936.0,804519936.0,0.0,9.3598,85954560.0,804519936.0,0.0,4.6272,173868478.1,804519936.0,0.0,3.2115,250509024.0,804519936.0,0.0,3.761,213909504.0,804519936.0,0.0,3.761,213909504.0,804519936.0,C0,0.0,C1,C1,C1
phi3,passage_count,5,count,12955,50472,9.4495,0.3389,0.2144,0.7383,0.0014,0.0,1.0,804519936.0,804519936.0,0.0,10.7915,74551296.0,804519936.0,0.0,4.6136,174378806.1,804519936.0,0.0,3.3647,239105760.0,804519936.0,0.0,3.9728,202506240.0,804519936.0,0.0,3.9728,202506240.0,804519936.0,C0,0.0,C1,C1,C1
phi3,passage_count,6,count,18872,78503,9.301,0.2217,0.1214,0.0035,0.001,0.0,1.0,804519936.0,804519936.0,0.0,10.7915,74551296.0,804519936.0,0.0,4.6279,173839876.9,804519936.0,0.0,3.3647,239105760.0,804519936.0,0.0,3.9728,202506240.0,804519936.0,0.0,3.9728,202506240.0,804519936.0,C0,0.0,C1,C1,C1
phi3,passage_count,7,count,14980,60783,9.3172,0.2047,0.1364,0.0045,0.0012,0.0,1.0,804519936.0,804519936.0,0.0,10.7915,74551296.0,804519936.0,0.0,4.629,173798458.9,804519936.0,0.0,3.2115,250509024.0,804519936.0,0.0,3.9728,202506240.0,804519936.0,0.0,3.9728,202506240.0,804519936.0,C0,0.0,C1,C1,C1
phi3,passage_count,8,count,19941,79574,8.7301,0.0863,0.0519,0.0034,0.001,0.0,1.0,804519936.0,804519936.0,0.0,10.7915,74551296.0,804519936.0,0.0,4.6278,173844027.7,804519936.0,0.0,3.2115,250509024.0,804519936.0,0.0,3.9728,202506240.0,804519936.0,0.0,3.9728,202506240.0,804519936.0,C0,0.0,C1,C1,C1
phi3,passage_count,9,count,13189,54444,8.7765,0.1037,0.0797,0.005,0.001,0.0,1.0,804519936.0,804519936.0,0.0,9.9035,81235968.0,804519936.0,0.0,4.6134,174389222.1,804519936.0,0.0,3.2732,245790432.0,804519936.0,0.0,3.8677,208011264.0,804519936.0,0.0,3.8677,208011264.0,804519936.0,C0,0.0,C1,C1,C1
phi3,passage_count,10,count,20293,82268,8.9121,0.1413,0.0779,0.7675,0.0011,0.0,1.0,804519936.0,804519936.0,0.0,10.7915,74551296.0,804519936.0,0.0,4.6323,173674416.4,804519936.0,0.0,3.2115,250509024.0,804519936.0,0.0,3.761,213909504.0,804519936.0,0.0,3.761,213909504.0,804519936.0,C0,0.0,C1,C1,C1
phi3,passage_count,11,count,14681,58382,9.4822,0.3231,0.1791,0.3194,0.0011,0.0,1.0,804519936.0,804519936.0,0.0,9.3598,85954560.0,804519936.0,0.0,4.6191,174173100.2,804519936.0,0.0,3.2472,247756512.0,804519936.0,0.0,3.761,213909504.0,804519936.0,0.0,3.761,213909504.0,804519936.0,C0,0.0,C1,C1,C1
phi3,passage_count,12,count,10596,40044,8.764,0.1457,0.1095,0.0068,0.0014,0.1,1.0,804519936.0,804519936.0,0.1,9.3598,85954560.0,804519936.0,0.0,4.6152,174319122.3,804519936.0,0.1,3.2115,250509024.0,804519936.0,0.1,3.761,213909504.0,804519936.0,0.1,3.761,213909504.0,804519936.0,C0,0.1,C1,C1,C1
phi3,passage_count,13,count,19776,73884,8.6351,0.0728,0.0504,0.0037,0.0012,0.1,1.0,804519936.0,804519936.0,0.1,9.3598,85954560.0,804519936.0,1.0,4.6116,174454943.8,804519936.0,0.1,3.2115,250509024.0,804519936.0,0.1,3.761,213909504.0,804519936.0,0.0,3.7889,212336640.0,804519936.0,C2,1.0,C1,C1,C1
phi3,passage_count,14,count,19973,75746,9.6083,0.2807,0.1538,0.9876,0.0013,0.0,1.0,804519936.0,804519936.0,0.0,10.1491,79269888.0,804519936.0,0.0,4.6268,173882185.5,804519936.0,0.0,3.3647,239105760.0,804519936.0,0.0,3.9728,202506240.0,804519936.0,0.0,3.9728,202506240.0,804519936.0,C0,0.0,C1,C1,C1
phi3,passage_count,15,count,8954,35076,9.1385,0.2584,0.1886,0.0078,0.0013,0.0,1.0,804519936.0,804519936.0,0.0,9.3598,85954560.0,804519936.0,0.0,4.6382,173455868.8,804519936.0,0.0,3.2115,250509024.0,804519936.0,0.0,3.761,213909504.0,804519936.0,0.0,3.761,213909504.0,804519936.0,C0,0.0,C1,C1,C1
phi3,passage_count,16,count,13067,53076,9.1651,0.2223,0.1597,0.0051,0.0011,0.0,1.0,804519936.0,804519936.0,0.0,10.7915,74551296.0,804519936.0,0.0,4.6243,173975920.0,804519936.0,0.0,3.2115,250509024.0,804519936.0,0.0,3.9728,202506240.0,804519936.0,0.0,3.761,213909504.0,804519936.0,C0,0.0,C1,C1,C1
phi3,passage_count,17,count,19452,73969,8.7622,0.0915,0.0559,0.0037,0.001,0.0,1.0,804519936.0,804519936.0,0.0,10.7915,74551296.0,804519936.0,0.0,4.6232,174018429.5,804519936.0,0.0,3.3647,239105760.0,804519936.0,0.0,3.9728,202506240.0,804519936.0,0.0,3.9728,202506240.0,804519936.0,C0,0.0,C1,C1,C1
phi3,passage_count,18,count,19677,75663,9.6018,0.3241,0.1607,0.6176,0.0011,0.0,1.0,804519936.0,804519936.0,0.0,10.7915,74551296.0,804519936.0,0.0,4.6218,174069251.2,804519936.0,0.0,3.3647,239105760.0,804519936.0,0.0,3.9728,202506240.0,804519936.0,0.0,3.9728,202506240.0,804519936.0,C0,0.0,C1,C1,C1
phi3,passage_count,19,count,18293,72937,9.475,0.2935,0.1486,0.7509,0.001,0.0,1.0,804519936.0,804519936.0,0.0,10.7915,74551296.0,804519936.0,0.0,4.608,174591411.1,804519936.0,0.0,3.2472,247756512.0,804519936.0,0.0,3.9728,202506240.0,804519936.0,0.0,3.761,213909504.0,804519936.0,C0,0.0,C1,C1,C1
phi3,qasper,0,qa_f1,4587,20581,8.4733,0.355,0.2463,0.9995,0.0033,0.0,1.0,804519936.0,804519936.0,0.0,10.5142,76517376.0,804519936.0,0.0,4.6306,173738839.6,804519936.0,0.0,3.3373,241071840.0,804519936.0,0.0,3.9346,204472320.0,804519936.0,0.0,3.9346,204472320.0,804519936.0,C0,0.0,C1,C1,C1
phi3,qasper,1,qa_f1,5131,22074,8.6933,0.3531,0.2257,0.9995,0.0028,0.0,1.0,804519936.0,804519936.0,0.0,10.5142,76517376.0,804519936.0,0.0,4.6309,173729767.0,804519936.0,0.0,3.3537,239892192.0,804519936.0,0.0,3.9574,203292672.0,804519936.0,0.0,3.8971,206438400.0,804519936.0,C0,0.0,C1,C1,C1
phi3,qasper,2,qa_f1,4182,19082,8.4705,0.3517,0.2434,0.9995,0.0018,0.0,1.0,804519936.0,804519936.0,0.0,10.7349,74944512.0,804519936.0,0.0,4.6331,173647603.6,804519936.0,0.0,3.3592,239498976.0,804519936.0,0.0,3.9651,202899456.0,804519936.0,0.0,3.9651,202899456.0,804519936.0,C0,0.0,C1,C1,C1
phi3,qasper,3,qa_f1,4717,18806,8.7281,0.3728,0.243,0.9995,0.003,0.470588,1.0,804519936.0,804519936.0,0.066667,10.3024,78090240.0,804519936.0,0.45283,4.6331,173647488.0,804519936.0,0.1875,3.1915,252081888.0,804519936.0,0.095238,3.8604,208404480.0,804519936.0,0.142857,3.8459,209190912.0,804519936.0,C0,0.470588,C0,C2,C2
phi3,qasper,4,qa_f1,8013,34512,8.6273,0.3301,0.1881,0.9997,0.0024,0.0,1.0,804519936.0,804519936.0,0.0,10.7349,74944512.0,804519936.0,0.0,4.6388,173432789.2,804519936.0,0.0,3.3592,239498976.0,804519936.0,0.0,3.9651,202899456.0,804519936.0,0.0,3.9651,202899456.0,804519936.0,C0,0.0,C1,C1,C1
phi3,qasper,5,qa_f1,4030,16144,8.6759,0.393,0.263,0.9994,0.0028,0.0,1.0,804519936.0,804519936.0,0.0,9.8085,82022400.0,804519936.0,0.0,4.6304,173746364.4,804519936.0,0.0,3.2784,245397216.0,804519936.0,0.0,3.8459,209190912.0,804519936.0,0.0,3.8459,209190912.0,804519936.0,C0,0.0,C1,C1,C1
phi3,qasper,6,qa_f1,4236,16671,8.499,0.3604,0.2288,0.9993,0.0027,0.195122,1.0,804519936.0,804519936.0,0.157895,10.4605,76910592.0,804519936.0,0.195122,4.6338,173618773.6,804519936.0,0.195122,3.2576,246970080.0,804519936.0,0.210526,3.8824,207224832.0,804519936.0,0.210526,3.8824,207224832.0,804519936.0,C4,0.210526,C2,C2,C2
phi3,qasper,7,qa_f1,6314,27249,8.3081,0.3177,0.1943,0.9996,0.0029,1.0,1.0,804519936.0,804519936.0,1.0,10.7349,74944512.0,804519936.0,1.0,4.6291,173797801.9,804519936.0,1.0,3.3592,239498976.0,804519936.0,1.0,3.9651,202899456.0,804519936.0,1.0,3.9651,202899456.0,804519936.0,C0,1.0,C1,C1,C1
phi3,qasper,8,qa_f1,6613,27801,8.2565,0.2843,0.1615,0.9996,0.0023,1.0,1.0,804519936.0,804519936.0,1.0,10.8487,74158080.0,804519936.0,1.0,4.6328,173656838.8,804519936.0,1.0,3.3702,238712544.0,804519936.0,1.0,3.9805,202113024.0,804519936.0,1.0,3.9805,202113024.0,804519936.0,C0,1.0,C1,C1,C1
phi3,qasper,9,qa_f1,6263,26744,8.7342,0.3251,0.2015,0.9996,0.0028,0.0,1.0,804519936.0,804519936.0,1.0,10.7349,74944512.0,804519936.0,1.0,4.6355,173556842.3,804519936.0,0.0,3.2784,245397216.0,804519936.0,0.0,3.768,213516288.0,804519936.0,0.0,3.768,213516288.0,804519936.0,C1,1.0,C1,C1,C1
phi3,qasper,10,qa_f1,8333,31417,8.687,0.3318,0.1634,0.9997,0.0029,0.0,1.0,804519936.0,804519936.0,0.0,10.7349,74944512.0,804519936.0,0.0,4.6314,173709920.5,804519936.0,0.0,3.3592,239498976.0,804519936.0,0.0,3.9651,202899456.0,804519936.0,0.0,3.9651,202899456.0,804519936.0,C0,0.0,C1,C1,C1
phi3,qasper,11,qa_f1,6438,25709,8.5352,0.3506,0.2046,0.9996,0.0031,0.0,1.0,804519936.0,804519936.0,0.0,10.7349,74944512.0,804519936.0,0.0,4.6376,173479509.1,804519936.0,0.0,3.3592,239498976.0,804519936.0,0.0,3.9651,202899456.0,804519936.0,0.0,3.9651,202899456.0,804519936.0,C0,0.0,C1,C1,C1
phi3,qasper,12,qa_f1,5026,22129,8.6998,0.3723,0.2445,0.9995,0.0026,0.0,1.0,804519936.0,804519936.0,0.0,10.7349,74944512.0,804519936.0,0.0,4.6292,173793582.6,804519936.0,0.0,3.3592,239498976.0,804519936.0,0.0,3.9651,202899456.0,804519936.0,0.0,3.9651,202899456.0,804519936.0,C0,0.0,C1,C1,C1
phi3,qasper,13,qa_f1,3450,14178,8.6453,0.4034,0.2887,0.9993,0.0033,0.086957,1.0,804519936.0,804519936.0,0.083333,10.4605,76910592.0,804519936.0,0.206897,4.628,173837702.9,804519936.0,0.086957,3.3049,243431136.0,804519936.0,0.08,3.8604,208404480.0,804519936.0,0.08,3.8531,208797696.0,804519936.0,C2,0.206897,C2,C1,C1
phi3,qasper,14,qa_f1,8215,34064,8.7693,0.334,0.1795,0.9997,0.003,0.0,1.0,804519936.0,804519936.0,0.0,10.7349,74944512.0,804519936.0,0.0,4.6396,173401133.0,804519936.0,0.0,3.3592,239498976.0,804519936.0,0.0,3.9651,202899456.0,804519936.0,0.0,3.9651,202899456.0,804519936.0,C0,0.0,C1,C1,C1
phi3,qasper,15,qa_f1,3191,13171,8.2346,0.3493,0.2303,0.9992,0.0029,0.210526,1.0,804519936.0,804519936.0,0.111111,10.099,79663104.0,804519936.0,0.222222,4.6459,173169318.7,804519936.0,0.210526,3.3049,243431136.0,804519936.0,0.5,3.8824,207224832.0,804519936.0,0.47619,3.8824,207224832.0,804519936.0,C4,0.5,C2,C2,C2
phi3,qasper,16,qa_f1,5532,22048,8.7101,0.3602,0.2137,0.9995,0.0025,0.222222,1.0,804519936.0,804519936.0,0.0,10.7349,74944512.0,804519936.0,0.222222,4.6334,173634305.2,804519936.0,0.222222,3.3427,240678624.0,804519936.0,0.0,3.9574,203292672.0,804519936.0,0.0,3.9574,203292672.0,804519936.0,C0,0.222222,C2,C2,C2
phi3,qasper,17,qa_f1,7524,32756,8.8946,0.3376,0.1999,0.9997,0.0027,0.0,1.0,804519936.0,804519936.0,0.0,10.7349,74944512.0,804519936.0,0.0,4.6343,173601191.9,804519936.0,0.0,3.3592,239498976.0,804519936.0,0.0,3.9651,202899456.0,804519936.0,0.0,3.9651,202899456.0,804519936.0,C0,0.0,C1,C1,C1
phi3,qasper,18,qa_f1,3355,14962,8.1749,0.3369,0.2358,0.9993,0.0022,0.0,1.0,804519936.0,804519936.0,0.5,10.099,79663104.0,804519936.0,0.0,4.631,173725887.1,804519936.0,0.0,3.3373,241071840.0,804519936.0,0.0,3.9346,204472320.0,804519936.0,0.0,3.9346,204472320.0,804519936.0,C1,0.5,C1,C1,C1
phi3,qasper,19,qa_f1,9134,39961,8.8485,0.3301,0.18,0.9997,0.0019,0.0,1.0,804519936.0,804519936.0,0.0,10.3024,78090240.0,804519936.0,0.0,4.6329,173653844.0,804519936.0,0.0,3.3427,240678624.0,804519936.0,0.0,3.9498,203685888.0,804519936.0,0.0,3.9498,203685888.0,804519936.0,C0,0.0,C1,C1,C1
phi3,qmsum,0,rouge_l,11744,41672,7.4061,0.272,0.0837,0.9911,0.0142,0.15894,1.0,804519936.0,804519936.0,0.19697,7.2145,111513600.0,804519936.0,0.232258,4.5959,175050207.0,804519936.0,0.172185,2.7986,287471328.0,804519936.0,0.191083,3.0675,262275072.0,804519936.0,0.163265,1.998,402653184.0,804519936.0,C2,0.232258,C1,C1,C1
phi3,qmsum,1,rouge_l,17514,56671,7.4834,0.2885,0.0735,0.9998,0.0097,0.225806,1.0,804519936.0,804519936.0,0.24,9.4901,84774912.0,804519936.0,0.3125,4.6182,174207587.5,804519936.0,0.222222,2.9778,270169824.0,804519936.0,0.25,3.5769,224919552.0,804519936.0,0.322581,3.6406,220987392.0,804519936.0,C5,0.322581,C1,C1,C1
phi3,qmsum,2,rouge_l,18645,60790,7.6354,0.308,0.08,0.9999,0.0162,0.258824,1.0,804519936.0,804519936.0,0.238095,8.3649,96178176.0,804519936.0,0.214286,4.6038,174752365.3,804519936.0,0.258824,3.0398,264664800.0,804519936.0,0.23913,3.4214,235143168.0,804519936.0,0.21978,3.3987,236716032.0,804519936.0,C0,0.258824,C3,C3,C1
phi3,qmsum,3,rouge_l,28791,96263,7.5653,0.2853,0.0597,0.9999,0.0092,0.226804,1.0,804519936.0,804519936.0,0.16092,2.9287,274698240.0,804519936.0,0.22,4.6186,174190597.2,804519936.0,0.22449,3.0085,267417312.0,804519936.0,0.191489,3.4915,230424576.0,804519936.0,0.114943,3.5459,226885632.0,804519936.0,C0,0.226804,C0,C2,C2
phi3,qmsum,4,rouge_l,6556,22945,7.3355,0.2929,0.1228,0.9996,0.0139,0.210526,1.0,804519936.0,804519936.0,0.254545,7.2658,110727168.0,804519936.0,0.215686,4.6092,174545305.6,804519936.0,0.224299,3.0353,265058016.0,804519936.0,0.291262,3.4678,231997440.0,804519936.0,0.24,3.5769,224919552.0,804519936.0,C4,0.291262,C1,C1,C1
phi3,qmsum,5,rouge_l,18108,71346,8.571,0.3307,0.112,0.9975,0.0024,0.194444,1.0,804519936.0,804519936.0,0.216667,6.7171,119771136.0,804519936.0,0.190476,4.6176,174227505.0,804519936.0,0.245902,2.7387,293762784.0,804519936.0,0.25,3.1429,255983616.0,804519936.0,0.193548,1.998,402653184.0,804519936.0,C4,0.25,C1,C1,C1
phi3,qmsum,6,rouge_l,11743,41676,7.4066,0.2723,0.0837,0.9998,0.0142,0.186667,1.0,804519936.0,804519936.0,0.253165,8.6844,92639232.0,804519936.0,0.195122,4.598,174971374.1,804519936.0,0.25,3.0308,265451232.0,804519936.0,0.181818,3.7404,215089152.0,804519936.0,0.184211,3.7473,214695936.0,804519936.0,C1,0.253165,C1,C1,C1
phi3,qmsum,7,rouge_l,34548,143787,9.1416,0.3143,0.1003,0.9999,0.0028,0.295082,1.0,804519936.0,804519936.0,0.313725,9.3172,86347776.0,804519936.0,0.333333,4.6147,174340322.9,804519936.0,0.301887,3.1865,252475104.0,804519936.0,0.428571,3.7132,216662016.0,804519936.0,0.428571,3.7132,216662016.0,804519936.0,C4,0.428571,C1,C1,C1
phi3,qmsum,8,rouge_l,20137,70557,7.7899,0.3149,0.0839,0.9932,0.0077,0.129032,1.0,804519936.0,804519936.0,0.142857,6.7393,119377920.0,804519936.0,0.175182,4.6116,174454889.8,804519936.0,0.225166,2.8257,284718816.0,804519936.0,0.150685,3.1574,254803968.0,804519936.0,0.157895,3.1047,259129344.0,804519936.0,C3,0.225166,C1,C1,C1
phi3,qmsum,9,rouge_l,14432,61340,8.5859,0.325,0.1287,0.9892,0.0021,0.276923,1.0,804519936.0,804519936.0,0.208696,6.7393,119377920.0,804519936.0,0.248276,4.6118,174446307.2,804519936.0,0.239437,2.6228,306738912.0,804519936.0,0.217391,3.0629,262668288.0,804519936.0,0.164835,1.998,402653184.0,804519936.0,C0,0.276923,C0,C0,C0
phi3,qmsum,10,rouge_l,12176,40796,7.1649,0.2594,0.0748,0.946,0.0161,0.195804,1.0,804519936.0,804519936.0,0.191304,6.8521,117411840.0,804519936.0,0.218182,4.6032,174775538.8,804519936.0,0.195804,2.6673,301627104.0,804519936.0,0.195489,3.1094,258736128.0,804519936.0,0.195489,3.0629,262668288.0,804519936.0,C2,0.218182,C2,C1,C1
phi3,qmsum,11,rouge_l,12331,40990,7.5517,0.3031,0.0914,0.9817,0.0086,0.123288,1.0,804519936.0,804519936.0,0.2,6.0967,131960832.0,804519936.0,0.108108,4.6108,174485594.4,804519936.0,0.128,2.7796,289437408.0,804519936.0,0.148148,3.3762,238288896.0,804519936.0,0.168224,3.393,237109248.0,804519936.0,C1,0.2,C1,C1,C1
phi3,qmsum,12,rouge_l,9874,32494,7.0415,0.2571,0.0741,0.986,0.0146,0.181818,1.0,804519936.0,804519936.0,0.220472,5.674,141791232.0,804519936.0,0.208,4.5976,174988217.3,804519936.0,0.184615,2.735,294156000.0,804519936.0,0.255639,3.0767,261488640.0,804519936.0,0.280702,3.2476,247726080.0,804519936.0,C5,0.280702,C1,C1,C1
phi3,qmsum,13,rouge_l,14832,52225,7.5206,0.2842,0.0933,0.9998,0.0152,0.247934,1.0,804519936.0,804519936.0,0.247423,7.8815,102076416.0,804519936.0,0.205607,4.6045,174724781.7,804519936.0,0.247788,2.8101,286291680.0,804519936.0,0.19469,3.3107,243007488.0,804519936.0,0.220183,3.2947,244187136.0,804519936.0,C0,0.247934,C1,C1,C1
phi3,qmsum,14,rouge_l,20507,66906,7.4211,0.282,0.0621,0.9921,0.0104,0.285714,1.0,804519936.0,804519936.0,0.176471,6.6952,120164352.0,804519936.0,0.192982,4.6112,174469057.4,804519936.0,0.280374,2.8936,278034144.0,804519936.0,0.160714,3.1919,252051456.0,804519936.0,0.259259,3.3486,240254976.0,804519936.0,C0,0.285714,C0,C3,C5
phi3,qmsum,15,rouge_l,16078,50567,6.7591,0.2331,0.0616,0.9823,0.0187,0.203704,1.0,804519936.0,804519936.0,0.125,6.9452,115838976.0,804519936.0,0.140351,4.5954,175069245.8,804519936.0,0.181818,2.7241,295335648.0,804519936.0,0.152381,3.3541,239861760.0,804519936.0,0.137255,3.41,235929600.0,804519936.0,C0,0.203704,C0,C0,C0
phi3,qmsum,16,rouge_l,29057,120528,9.1833,0.3251,0.1188,0.9999,0.003,0.192982,1.0,804519936.0,804519936.0,0.263158,7.7035,104435712.0,804519936.0,0.185185,4.6217,174073243.8,804519936.0,0.181818,3.1043,259159776.0,804519936.0,0.204082,3.6148,222560256.0,804519936.0,0.204082,3.6148,222560256.0,804519936.0,C1,0.263158,C1,C1,C1
phi3,qmsum,17,rouge_l,14403,49902,7.447,0.2706,0.0786,0.9998,0.0134,0.149533,1.0,804519936.0,804519936.0,0.238095,8.1646,98537472.0,804519936.0,0.186047,4.6121,174437106.2,804519936.0,0.285714,3.1522,255227616.0,804519936.0,0.206897,3.6085,222953472.0,804519936.0,0.225,3.6732,219021312.0,804519936.0,C3,0.285714,C1,C1,C1
phi3,qmsum,18,rouge_l,20510,66930,7.4218,0.2821,0.0622,0.9918,0.0104,0.216216,1.0,804519936.0,804519936.0,0.205607,6.1516,130781184.0,804519936.0,0.20202,4.6121,174436887.3,804519936.0,0.211538,2.8063,286684896.0,804519936.0,0.193548,3.3107,243007488.0,804519936.0,0.282828,3.2019,251265024.0,804519936.0,C5,0.282828,C5,C1,C1
phi3,qmsum,19,rouge_l,6226,20018,6.6605,0.2514,0.0951,0.9814,0.0191,0.137255,1.0,804519936.0,804519936.0,0.181818,8.0363,100110336.0,804519936.0,0.161616,4.5975,174991066.0,804519936.0,0.131148,2.6989,298088160.0,804519936.0,0.142857,3.258,246939648.0,804519936.0,0.186047,3.4503,233177088.0,804519936.0,C5,0.186047,C1,C1,C1
phi3,trec,0,classification,5659,22067,7.6254,0.316,0.2447,0.9997,0.0234,1.0,1.0,804519936.0,804519936.0,1.0,8.1646,98537472.0,804519936.0,1.0,4.6185,174194440.1,804519936.0,1.0,3.0579,263091936.0,804519936.0,1.0,3.5521,226492416.0,804519936.0,1.0,3.5521,226492416.0,804519936.0,C0,1.0,C1,C1,C1
phi3,trec,1,classification,8193,31651,7.6468,0.3048,0.2135,0.9998,0.0244,0.0,1.0,804519936.0,804519936.0,0.0,8.1646,98537472.0,804519936.0,0.0,4.618,174212895.6,804519936.0,0.0,3.0579,263091936.0,804519936.0,0.0,3.5521,226492416.0,804519936.0,0.0,3.5521,226492416.0,804519936.0,C0,0.0,C1,C1,C1
phi3,trec,2,classification,12529,48491,7.8454,0.3009,0.1888,0.9999,0.0241,0.0,1.0,804519936.0,804519936.0,0.0,8.1646,98537472.0,804519936.0,0.0,4.6178,174221731.6,804519936.0,0.0,3.0579,263091936.0,804519936.0,0.0,3.5521,226492416.0,804519936.0,0.0,3.5521,226492416.0,804519936.0,C0,0.0,C1,C1,C1
phi3,trec,3,classification,3792,14683,7.4511,0.3373,0.2698,0.9995,0.0236,1.0,1.0,804519936.0,804519936.0,1.0,8.1646,98537472.0,804519936.0,1.0,4.6178,174221074.9,804519936.0,1.0,3.0579,263091936.0,804519936.0,1.0,3.5521,226492416.0,804519936.0,1.0,3.5521,226492416.0,804519936.0,C0,1.0,C1,C1,C1
phi3,trec,4,classification,11586,44441,7.8192,0.3009,0.197,0.9998,0.0242,0.0,1.0,804519936.0,804519936.0,0.0,8.1646,98537472.0,804519936.0,0.0,4.6163,174277086.5,804519936.0,0.0,3.0579,263091936.0,804519936.0,0.0,3.5521,226492416.0,804519936.0,0.0,3.5521,226492416.0,804519936.0,C0,0.0,C1,C1,C1
phi3,trec,5,classification,4912,18986,7.3812,0.309,0.2321,0.9996,0.0249,1.0,1.0,804519936.0,804519936.0,1.0,8.1646,98537472.0,804519936.0,1.0,4.6174,174235348.6,804519936.0,1.0,3.0579,263091936.0,804519936.0,1.0,3.5521,226492416.0,804519936.0,1.0,3.5521,226492416.0,804519936.0,C0,1.0,C1,C1,C1
phi3,trec,6,classification,3248,12633,7.5027,0.3374,0.2879,0.9994,0.0237,0.0,1.0,804519936.0,804519936.0,0.0,8.1646,98537472.0,804519936.0,0.0,4.6192,174168381.2,804519936.0,0.0,3.0579,263091936.0,804519936.0,0.0,3.5521,226492416.0,804519936.0,0.0,3.5521,226492416.0,804519936.0,C0,0.0,C1,C1,C1
phi3,trec,7,classification,10569,40923,7.7685,0.2964,0.1988,0.9998,0.024,1.0,1.0,804519936.0,804519936.0,1.0,8.1646,98537472.0,804519936.0,1.0,4.6194,174161054.3,804519936.0,1.0,3.0579,263091936.0,804519936.0,1.0,3.5521,226492416.0,804519936.0,1.0,3.5521,226492416.0,804519936.0,C0,1.0,C1,C1,C1
phi3,trec,8,classification,12109,46752,7.8662,0.3025,0.1947,0.9999,0.0238,1.0,1.0,804519936.0,804519936.0,1.0,8.1646,98537472.0,804519936.0,1.0,4.6213,174088419.0,804519936.0,1.0,3.0579,263091936.0,804519936.0,1.0,3.5521,226492416.0,804519936.0,1.0,3.5521,226492416.0,804519936.0,C0,1.0,C1,C1,C1
phi3,trec,9,classification,8959,34486,7.7388,0.3026,0.2091,0.9998,0.0239,1.0,1.0,804519936.0,804519936.0,1.0,8.1646,98537472.0,804519936.0,1.0,4.619,174174383.3,804519936.0,1.0,3.0579,263091936.0,804519936.0,1.0,3.5521,226492416.0,804519936.0,1.0,3.5521,226492416.0,804519936.0,C0,1.0,C1,C1,C1
phi3,trec,10,classification,12649,48978,7.956,0.304,0.1941,0.9999,0.0231,1.0,1.0,804519936.0,804519936.0,1.0,8.1646,98537472.0,804519936.0,1.0,4.6171,174247675.2,804519936.0,1.0,3.0579,263091936.0,804519936.0,1.0,3.5521,226492416.0,804519936.0,1.0,3.5521,226492416.0,804519936.0,C0,1.0,C1,C1,C1
phi3,trec,11,classification,11785,45731,7.8926,0.3034,0.1958,0.9998,0.0235,1.0,1.0,804519936.0,804519936.0,1.0,8.1646,98537472.0,804519936.0,1.0,4.6163,174277109.5,804519936.0,1.0,3.0579,263091936.0,804519936.0,1.0,3.5521,226492416.0,804519936.0,1.0,3.5521,226492416.0,804519936.0,C0,1.0,C1,C1,C1
phi3,trec,12,classification,3191,12440,7.3655,0.3334,0.2833,0.9994,0.0239,0.0,1.0,804519936.0,804519936.0,0.0,8.1646,98537472.0,804519936.0,0.0,4.6199,174142403.0,804519936.0,0.0,3.0579,263091936.0,804519936.0,0.0,3.5521,226492416.0,804519936.0,0.0,3.5521,226492416.0,804519936.0,C0,0.0,C1,C1,C1
phi3,trec,13,classification,11544,44636,7.8476,0.3005,0.1989,0.9998,0.0237,0.0,1.0,804519936.0,804519936.0,0.0,8.1646,98537472.0,804519936.0,0.0,4.6174,174238009.7,804519936.0,0.0,3.0579,263091936.0,804519936.0,0.0,3.5521,226492416.0,804519936.0,0.0,3.5521,226492416.0,804519936.0,C0,0.0,C1,C1,C1
phi3,trec,14,classification,9770,37582,7.7466,0.3041,0.2036,0.9998,0.0242,1.0,1.0,804519936.0,804519936.0,0.0,8.1646,98537472.0,804519936.0,1.0,4.617,174253435.4,804519936.0,1.0,3.0579,263091936.0,804519936.0,1.0,3.5521,226492416.0,804519936.0,1.0,3.5521,226492416.0,804519936.0,C0,1.0,C2,C2,C2
phi3,trec,15,classification,10228,39237,7.7527,0.3005,0.1993,0.9998,0.024,1.0,1.0,804519936.0,804519936.0,1.0,8.1646,98537472.0,804519936.0,1.0,4.6218,174070378.3,804519936.0,1.0,3.0579,263091936.0,804519936.0,1.0,3.5521,226492416.0,804519936.0,1.0,3.5521,226492416.0,804519936.0,C0,1.0,C1,C1,C1
phi3,trec,16,classification,10141,39057,7.788,0.3051,0.2037,0.9998,0.0238,1.0,1.0,804519936.0,804519936.0,1.0,8.1646,98537472.0,804519936.0,1.0,4.6198,174145697.8,804519936.0,1.0,3.0579,263091936.0,804519936.0,1.0,3.5521,226492416.0,804519936.0,1.0,3.5521,226492416.0,804519936.0,C0,1.0,C1,C1,C1
phi3,trec,17,classification,7226,27941,7.7544,0.3159,0.2265,0.9997,0.0237,1.0,1.0,804519936.0,804519936.0,1.0,8.1646,98537472.0,804519936.0,1.0,4.6163,174278042.7,804519936.0,1.0,3.0579,263091936.0,804519936.0,1.0,3.5521,226492416.0,804519936.0,1.0,3.5521,226492416.0,804519936.0,C0,1.0,C1,C1,C1
phi3,trec,18,classification,6890,26687,7.6812,0.3149,0.2306,0.9997,0.0241,1.0,1.0,804519936.0,804519936.0,1.0,8.1646,98537472.0,804519936.0,1.0,4.614,174365723.5,804519936.0,1.0,3.0579,263091936.0,804519936.0,1.0,3.5521,226492416.0,804519936.0,1.0,3.5521,226492416.0,804519936.0,C0,1.0,C1,C1,C1
phi3,trec,19,classification,12802,49551,7.8017,0.2964,0.188,0.9999,0.0241,0.0,1.0,804519936.0,804519936.0,0.0,8.1646,98537472.0,804519936.0,0.0,4.6205,174119581.4,804519936.0,0.0,3.0579,263091936.0,804519936.0,0.0,3.5521,226492416.0,804519936.0,0.0,3.5521,226492416.0,804519936.0,C0,0.0,C1,C1,C1
phi3,triviaqa,0,qa_f1,6625,23489,9.0855,0.4315,0.2892,0.9711,0.0139,1.0,1.0,804519936.0,804519936.0,1.0,9.3598,85954560.0,804519936.0,1.0,4.6181,174211666.7,804519936.0,1.0,3.2115,250509024.0,804519936.0,1.0,3.761,213909504.0,804519936.0,1.0,3.761,213909504.0,804519936.0,C0,1.0,C1,C1,C1
phi3,triviaqa,1,qa_f1,23890,85780,9.9234,0.4154,0.2025,0.9999,0.012,1.0,1.0,804519936.0,804519936.0,1.0,9.3598,85954560.0,804519936.0,1.0,4.6236,174001364.3,804519936.0,1.0,3.2115,250509024.0,804519936.0,1.0,3.761,213909504.0,804519936.0,1.0,3.761,213909504.0,804519936.0,C0,1.0,C1,C1,C1
phi3,triviaqa,2,qa_f1,15623,55689,9.6065,0.4137,0.2249,0.9998,0.0096,1.0,1.0,804519936.0,804519936.0,1.0,9.3598,85954560.0,804519936.0,1.0,4.6248,173959568.2,804519936.0,1.0,3.2115,250509024.0,804519936.0,1.0,3.761,213909504.0,804519936.0,1.0,3.761,213909504.0,804519936.0,C0,1.0,C1,C1,C1
phi3,triviaqa,3,qa_f1,13263,47493,9.4741,0.4216,0.2376,0.9998,0.0106,0.444444,1.0,804519936.0,804519936.0,0.444444,9.3598,85954560.0,804519936.0,0.444444,4.619,174176982.8,804519936.0,0.444444,3.2115,250509024.0,804519936.0,0.444444,3.761,213909504.0,804519936.0,0.444444,3.761,213909504.0,804519936.0,C0,0.444444,C1,C1,C1
phi3,triviaqa,4,qa_f1,10044,36757,9.6179,0.4334,0.2845,0.9997,0.0094,1.0,1.0,804519936.0,804519936.0,1.0,9.3598,85954560.0,804519936.0,1.0,4.6161,174287503.3,804519936.0,1.0,3.2115,250509024.0,804519936.0,1.0,3.761,213909504.0,804519936.0,1.0,3.761,213909504.0,804519936.0,C0,1.0,C1,C1,C1
phi3,triviaqa,5,qa_f1,12399,44556,9.6,0.4275,0.2424,0.9998,0.0077,1.0,1.0,804519936.0,804519936.0,1.0,9.3598,85954560.0,804519936.0,1.0,4.6226,174041651.4,804519936.0,1.0,3.2115,250509024.0,804519936.0,1.0,3.761,213909504.0,804519936.0,1.0,3.761,213909504.0,804519936.0,C0,1.0,C1,C1,C1
phi3,triviaqa,6,qa_f1,12295,40413,9.3678,0.4218,0.2262,0.9998,0.0199,1.0,1.0,804519936.0,804519936.0,1.0,9.3598,85954560.0,804519936.0,1.0,4.6228,174034773.1,804519936.0,1.0,3.2115,250509024.0,804519936.0,1.0,3.761,213909504.0,804519936.0,1.0,3.761,213909504.0,804519936.0,C0,1.0,C1,C1,C1
phi3,triviaqa,7,qa_f1,13481,47275,9.5256,0.4253,0.239,0.9998,0.0141,1.0,1.0,804519936.0,804519936.0,1.0,9.3598,85954560.0,804519936.0,1.0,4.6174,174236816.9,804519936.0,1.0,3.2115,250509024.0,804519936.0,1.0,3.761,213909504.0,804519936.0,1.0,3.761,213909504.0,804519936.0,C0,1.0,C1,C1,C1
phi3,triviaqa,8,qa_f1,8998,31840,9.3424,0.4356,0.2698,0.9997,0.0109,1.0,1.0,804519936.0,804519936.0,1.0,9.3598,85954560.0,804519936.0,1.0,4.6243,173976179.0,804519936.0,1.0,3.2115,250509024.0,804519936.0,1.0,3.761,213909504.0,804519936.0,1.0,3.761,213909504.0,804519936.0,C0,1.0,C1,C1,C1
phi3,triviaqa,9,qa_f1,5415,16034,8.1945,0.4387,0.2587,0.9994,0.0158,1.0,1.0,804519936.0,804519936.0,1.0,9.3598,85954560.0,804519936.0,1.0,4.6272,173865775.6,804519936.0,1.0,3.2115,250509024.0,804519936.0,1.0,3.761,213909504.0,804519936.0,1.0,3.761,213909504.0,804519936.0,C0,1.0,C1,C1,C1
phi3,triviaqa,10,qa_f1,21532,76648,9.7259,0.4129,0.2046,0.9999,0.0121,1.0,1.0,804519936.0,804519936.0,1.0,9.3598,85954560.0,804519936.0,1.0,4.6204,174121640.7,804519936.0,1.0,3.2115,250509024.0,804519936.0,1.0,3.761,213909504.0,804519936.0,1.0,3.761,213909504.0,804519936.0,C0,1.0,C1,C1,C1
phi3,triviaqa,11,qa_f1,14194,51154,9.4986,0.4091,0.2323,0.9998,0.0106,1.0,1.0,804519936.0,804519936.0,1.0,9.3598,85954560.0,804519936.0,1.0,4.6133,174390619.0,804519936.0,1.0,3.2115,250509024.0,804519936.0,1.0,3.761,213909504.0,804519936.0,1.0,3.761,213909504.0,804519936.0,C0,1.0,C1,C1,C1
phi3,triviaqa,12,qa_f1,23310,83538,9.715,0.4093,0.1954,0.9999,0.0121,1.0,1.0,804519936.0,804519936.0,1.0,9.3598,85954560.0,804519936.0,1.0,4.6298,173769187.2,804519936.0,1.0,3.2115,250509024.0,804519936.0,1.0,3.761,213909504.0,804519936.0,1.0,3.761,213909504.0,804519936.0,C0,1.0,C1,C1,C1
phi3,triviaqa,13,qa_f1,3951,14180,8.868,0.4352,0.3199,0.9993,0.0136,1.0,1.0,804519936.0,804519936.0,1.0,9.3598,85954560.0,804519936.0,1.0,4.6176,174227224.7,804519936.0,1.0,3.2115,250509024.0,804519936.0,1.0,3.761,213909504.0,804519936.0,1.0,3.761,213909504.0,804519936.0,C0,1.0,C1,C1,C1
phi3,triviaqa,14,qa_f1,25062,87722,9.7681,0.4156,0.1915,0.9999,0.0102,1.0,1.0,804519936.0,804519936.0,1.0,9.3598,85954560.0,804519936.0,1.0,4.61,174516533.7,804519936.0,1.0,3.2115,250509024.0,804519936.0,1.0,3.761,213909504.0,804519936.0,1.0,3.761,213909504.0,804519936.0,C0,1.0,C1,C1,C1
phi3,triviaqa,15,qa_f1,5908,22747,9.2722,0.4253,0.3202,0.9996,0.0079,1.0,1.0,804519936.0,804519936.0,1.0,9.3598,85954560.0,804519936.0,1.0,4.6171,174249169.7,804519936.0,1.0,3.2115,250509024.0,804519936.0,1.0,3.761,213909504.0,804519936.0,1.0,3.761,213909504.0,804519936.0,C0,1.0,C1,C1,C1
phi3,triviaqa,16,qa_f1,12211,42226,9.4206,0.4236,0.2344,0.9998,0.0109,1.0,1.0,804519936.0,804519936.0,1.0,9.3598,85954560.0,804519936.0,1.0,4.6255,173932382.6,804519936.0,1.0,3.2115,250509024.0,804519936.0,1.0,3.761,213909504.0,804519936.0,1.0,3.761,213909504.0,804519936.0,C0,1.0,C1,C1,C1
phi3,triviaqa,17,qa_f1,16508,57722,9.4085,0.3969,0.2017,0.9998,0.0128,1.0,1.0,804519936.0,804519936.0,1.0,9.3598,85954560.0,804519936.0,1.0,4.6129,174405206.1,804519936.0,1.0,3.2115,250509024.0,804519936.0,1.0,3.761,213909504.0,804519936.0,1.0,3.761,213909504.0,804519936.0,C0,1.0,C1,C1,C1
phi3,triviaqa,18,qa_f1,17193,61082,9.5762,0.4151,0.2175,0.9998,0.0104,1.0,1.0,804519936.0,804519936.0,1.0,9.3598,85954560.0,804519936.0,1.0,4.6252,173943238.1,804519936.0,1.0,3.2115,250509024.0,804519936.0,1.0,3.761,213909504.0,804519936.0,1.0,3.761,213909504.0,804519936.0,C0,1.0,C1,C1,C1
phi3,triviaqa,19,qa_f1,9719,35421,9.3678,0.4262,0.2615,0.9997,0.0103,1.0,1.0,804519936.0,804519936.0,1.0,9.3598,85954560.0,804519936.0,1.0,4.6206,174116599.0,804519936.0,1.0,3.2115,250509024.0,804519936.0,1.0,3.761,213909504.0,804519936.0,1.0,3.761,213909504.0,804519936.0,C0,1.0,C1,C1,C1
